{"name":"c941cddd-9b38-4999-bd11-ff4ac4fc7206","id":"/providers/Microsoft.Flow/flows/c941cddd-9b38-4999-bd11-ff4ac4fc7206","type":"Microsoft.Flow/flows","properties":{"apiId":"/providers/Microsoft.PowerApps/apis/shared_logicflows","displayName":"Cópia de - CS_ColetaInfoVendedor","definition":{"metadata":{"workflowEntityId":null,"processAdvisorMetadata":null,"flowclientsuspensionreason":"None","flowclientsuspensiontime":null,"flowclientsuspensionreasondetails":null,"creator":{"id":"f3eb2f57-1e13-43c6-99e8-0d15085d06ed","type":"User","tenantId":"05fbf098-61b5-4766-8f46-f668abdfbd60"},"provisioningMethod":"FromDefinition","failureAlertSubscription":true,"clientLastModifiedTime":"2022-10-09T03:50:52.6604609Z"},"$schema":"https://schema.management.azure.com/providers/Microsoft.Logic/schemas/2016-06-01/workflowdefinition.json#","contentVersion":"1.0.0.0","parameters":{"$connections":{"defaultValue":{},"type":"Object"},"$authentication":{"defaultValue":{},"type":"SecureObject"}},"triggers":{"manual":{"metadata":{"operationMetadataId":"173b57e0-8185-450a-ad52-471a1e7dac99"},"type":"Request","kind":"VirtualAgent","inputs":{"schema":{"type":"object","properties":{"text":{"title":"VarPesquisaNomeVendedor","type":"string","x-ms-dynamically-added":true,"description":"Insira sua entrada","x-ms-content-hint":"TEXT"}},"required":["text"]}}}},"actions":{"Return_value(s)_to_Power_Virtual_Agents":{"runAfter":{"Inicializar_variável_2":["Succeeded"]},"metadata":{"operationMetadataId":"49b87fcc-ff55-4a4b-9e0e-e60e05c8a783"},"type":"Response","kind":"VirtualAgent","inputs":{"statusCode":200,"body":{"varnomevendedor":"@variables('VarnomedoVendedorPesquisado')","varemailvendedor":"@variables('VarEmailVendedorPesquisado')"},"schema":{"type":"object","properties":{"varnomevendedor":{"title":"VarNomeVendedor","x-ms-dynamically-added":true,"type":"string"},"varemailvendedor":{"title":"VarEmailVendedor","x-ms-dynamically-added":true,"type":"string"}}}}},"Obter_itens":{"runAfter":{},"metadata":{"operationMetadataId":"b24ab9b6-eee9-4ef1-b0c6-c6e4b8b231f0"},"type":"OpenApiConnection","inputs":{"host":{"apiId":"/providers/Microsoft.PowerApps/apis/shared_sharepointonline","connectionName":"shared_sharepointonline","operationId":"GetItems"},"parameters":{"dataset":"https://datamoreconsultoria.sharepoint.com/sites/CaioTrator","table":"911d2fcc-508f-4da2-93b3-bd49b5890e5a","$filter":"CodigoVendedor eq '@{triggerBody()['text']}'"},"authentication":"@parameters('$authentication')"}},"Inicializar_variável":{"runAfter":{"Obter_itens":["Succeeded"]},"metadata":{"operationMetadataId":"69fb2945-5a20-4dff-9622-6c0621e135bf"},"type":"InitializeVariable","inputs":{"variables":[{"name":"VarnomedoVendedorPesquisado","type":"string","value":"@{first(outputs('Obter_itens')?['body/value'])?['NomeVendedor']}"}]}},"Inicializar_variável_2":{"runAfter":{"Inicializar_variável":["Succeeded"]},"metadata":{"operationMetadataId":"9f2776cd-ca21-444b-b0e6-8afec6cdb008"},"type":"InitializeVariable","inputs":{"variables":[{"name":"VarEmailVendedorPesquisado","type":"string","value":"@{first(outputs('Obter_itens')?['body/value'])?['EmailVendedor']}"}]}}},"outputs":{},"description":"Chame este fluxo do Power Virtual Agents."},"connectionReferences":{"shared_sharepointonline":{"connectionName":"shared-sharepointonl-68551787-452c-421e-8c00-16d2cb77db3d","source":"Embedded","id":"/providers/Microsoft.PowerApps/apis/shared_sharepointonline","tier":"NotSpecified"}},"flowFailureAlertSubscribed":false,"isManaged":false}}