{"name":"dfbd9737-9dd5-4205-9591-13b5e8cd7d19","id":"/providers/Microsoft.Flow/flows/dfbd9737-9dd5-4205-9591-13b5e8cd7d19","type":"Microsoft.Flow/flows","properties":{"apiId":"/providers/Microsoft.PowerApps/apis/shared_logicflows","displayName":"Cópia de - CS_ValidaVenda","definition":{"metadata":{"workflowEntityId":null,"processAdvisorMetadata":null,"flowclientsuspensionreason":"None","flowclientsuspensiontime":null,"flowclientsuspensionreasondetails":null,"creator":{"id":"f3eb2f57-1e13-43c6-99e8-0d15085d06ed","type":"User","tenantId":"05fbf098-61b5-4766-8f46-f668abdfbd60"},"provisioningMethod":"FromDefinition","failureAlertSubscription":true,"clientLastModifiedTime":"2022-10-09T03:50:07.8550639Z"},"$schema":"https://schema.management.azure.com/providers/Microsoft.Logic/schemas/2016-06-01/workflowdefinition.json#","contentVersion":"1.0.0.0","parameters":{"$connections":{"defaultValue":{},"type":"Object"},"$authentication":{"defaultValue":{},"type":"SecureObject"}},"triggers":{"manual":{"metadata":{"operationMetadataId":"86ea1b8a-7638-4339-a0ac-2c80dfd45ffe"},"type":"Request","kind":"VirtualAgent","inputs":{"schema":{"type":"object","properties":{"text":{"title":"VarIDVendedor","type":"string","x-ms-dynamically-added":true,"description":"Insira sua entrada","x-ms-content-hint":"TEXT"},"text_1":{"title":"VarIDTrator","type":"string","x-ms-dynamically-added":true,"description":"Insira sua entrada","x-ms-content-hint":"TEXT"}},"required":["text","text_1"]}}}},"actions":{"Return_value(s)_to_Power_Virtual_Agents":{"runAfter":{"Criar_item":["Succeeded"]},"metadata":{"operationMetadataId":"ee06decb-23de-4c5e-8c43-7637dd5bcbd1"},"type":"Response","kind":"VirtualAgent","inputs":{"statusCode":200,"body":{"mensagem":"Tudo certo, sua venda foi registrada com sucesso. "},"schema":{"type":"object","properties":{"mensagem":{"title":"Mensagem","x-ms-dynamically-added":true,"type":"string"}}}}},"Criar_item":{"runAfter":{},"metadata":{"operationMetadataId":"475c6313-9349-4482-a3a7-dc1c4652de5c"},"type":"OpenApiConnection","inputs":{"host":{"apiId":"/providers/Microsoft.PowerApps/apis/shared_sharepointonline","connectionName":"shared_sharepointonline","operationId":"PostItem"},"parameters":{"dataset":"https://datamoreconsultoria.sharepoint.com/sites/CaioTrator","table":"4480fe19-b782-4d58-9a17-3eca1c0803dd","item/Title":"Nova Venda","item/CodVendedor":"@triggerBody()['text']","item/CodTrator":"@triggerBody()['text_1']"},"authentication":"@parameters('$authentication')"}}},"outputs":{},"description":"Chame este fluxo do Power Virtual Agents."},"connectionReferences":{"shared_sharepointonline":{"connectionName":"shared-sharepointonl-68551787-452c-421e-8c00-16d2cb77db3d","source":"Embedded","id":"/providers/Microsoft.PowerApps/apis/shared_sharepointonline","tier":"NotSpecified"}},"flowFailureAlertSubscribed":false,"isManaged":false}}