{"name":"fb242a94-2f15-4319-b270-2b20a1a9a09a","id":"/providers/Microsoft.Flow/flows/fb242a94-2f15-4319-b270-2b20a1a9a09a","type":"Microsoft.Flow/flows","properties":{"apiId":"/providers/Microsoft.PowerApps/apis/shared_logicflows","displayName":"CS_DoFormsParaOSharePoint","definition":{"metadata":{"workflowEntityId":null,"processAdvisorMetadata":null,"flowclientsuspensionreason":"None","flowclientsuspensiontime":null,"flowclientsuspensionreasondetails":null,"creator":{"id":"f3eb2f57-1e13-43c6-99e8-0d15085d06ed","type":"User","tenantId":"05fbf098-61b5-4766-8f46-f668abdfbd60"},"provisioningMethod":"FromDefinition","failureAlertSubscription":true,"clientLastModifiedTime":"2022-10-08T14:49:02.6887558Z"},"$schema":"https://schema.management.azure.com/providers/Microsoft.Logic/schemas/2016-06-01/workflowdefinition.json#","contentVersion":"1.0.0.0","parameters":{"$connections":{"defaultValue":{},"type":"Object"},"$authentication":{"defaultValue":{},"type":"SecureObject"}},"triggers":{"Quando_alguém_envia_uma_venda_pelo_Forms":{"splitOn":"@triggerOutputs()?['body/value']","metadata":{"operationMetadataId":"cd5d9888-450d-444a-b223-e4c72db3927b"},"type":"OpenApiConnectionWebhook","inputs":{"host":{"apiId":"/providers/Microsoft.PowerApps/apis/shared_microsoftforms","connectionName":"shared_microsoftforms","operationId":"CreateFormWebhook"},"parameters":{"form_id":"mPD7BbVhZkePRvZoq9-9YFcv6_MTHsZDmegNFQhdBu1UOElOSldLR0lNWkpJQzI1Qk4wUFhVMzBRUS4u"},"authentication":"@parameters('$authentication')"}}},"actions":{"Coleta_de_dados_informados":{"runAfter":{},"metadata":{"operationMetadataId":"d97b7608-7551-432f-b0e0-fcef5bc9d624"},"type":"OpenApiConnection","inputs":{"host":{"apiId":"/providers/Microsoft.PowerApps/apis/shared_microsoftforms","connectionName":"shared_microsoftforms","operationId":"GetFormResponseById"},"parameters":{"form_id":"mPD7BbVhZkePRvZoq9-9YFcv6_MTHsZDmegNFQhdBu1UOElOSldLR0lNWkpJQzI1Qk4wUFhVMzBRUS4u","response_id":"@triggerOutputs()?['body/resourceData/responseId']"},"authentication":"@parameters('$authentication')"}},"Cria_um_iten_no_SharePoint_com_os_dados_do_formulário":{"runAfter":{"Coleta_de_dados_informados":["Succeeded"]},"metadata":{"operationMetadataId":"cce12dd8-ebcd-4c0d-846b-8fee8d926577"},"type":"OpenApiConnection","inputs":{"host":{"apiId":"/providers/Microsoft.PowerApps/apis/shared_sharepointonline","connectionName":"shared_sharepointonline","operationId":"PostItem"},"parameters":{"dataset":"https://datamoreconsultoria.sharepoint.com/sites/CaioTrator","table":"4480fe19-b782-4d58-9a17-3eca1c0803dd","item/Title":"Nova Venda","item/CodVendedor":"@outputs('Coleta_de_dados_informados')?['body/rfd583d86951b4d7b89300923a01e3569']","item/CodTrator":"@outputs('Coleta_de_dados_informados')?['body/r68e6dccbc5c6411da2fa06b0a58afbd4']"},"authentication":"@parameters('$authentication')"}},"Enviar_um_e-mail_para_o_vendedor_sobre_o_registro_da_venda":{"runAfter":{"Cria_um_iten_no_SharePoint_com_os_dados_do_formulário":["Succeeded"]},"metadata":{"operationMetadataId":"50e48f06-6716-42d1-be5f-b231381ddee3"},"type":"OpenApiConnection","inputs":{"host":{"apiId":"/providers/Microsoft.PowerApps/apis/shared_office365","connectionName":"shared_office365","operationId":"SendEmailV2"},"parameters":{"emailMessage/To":"@outputs('Coleta_de_dados_informados')?['body/responder']","emailMessage/Subject":"Recebemos sua informação de venda","emailMessage/Body":"<b>Olá @{outputs('Coleta_de_dados_informados')?['body/reb0e015c2fe54d1b9b293aace2c93d46']}</b>,\n\n<p>\nRecebemos sua informação de venda, seguem abaixo os detalhes:\n<br>\nCódigo do modelo vendido: @{outputs('Coleta_de_dados_informados')?['body/r68e6dccbc5c6411da2fa06b0a58afbd4']}\n</p>\n\nObrigado e boas vendas.","emailMessage/Importance":"Normal"},"authentication":"@parameters('$authentication')"}}}},"connectionReferences":{"shared_microsoftforms":{"connectionName":"shared-microsoftform-14a6cd0f-9d95-422e-babc-f9a017ec0b71","source":"Embedded","id":"/providers/Microsoft.PowerApps/apis/shared_microsoftforms","tier":"NotSpecified"},"shared_sharepointonline":{"connectionName":"ad8ecb83abd949bfac2ba9f483d53fa3","source":"Embedded","id":"/providers/Microsoft.PowerApps/apis/shared_sharepointonline","tier":"NotSpecified"},"shared_office365":{"connectionName":"shared-office365-75d49b3e-67a0-4560-913b-9cfdfb0e0f56","source":"Embedded","id":"/providers/Microsoft.PowerApps/apis/shared_office365","tier":"NotSpecified"}},"flowFailureAlertSubscribed":false,"isManaged":false}}