{"name":"cc160caa-7c35-4c7e-b93d-c5e081ee78e2","id":"/providers/Microsoft.Flow/flows/cc160caa-7c35-4c7e-b93d-c5e081ee78e2","type":"Microsoft.Flow/flows","properties":{"apiId":"/providers/Microsoft.PowerApps/apis/shared_logicflows","displayName":"Cópia de - CS_EmailConfirma","definition":{"metadata":{"workflowEntityId":null,"processAdvisorMetadata":null,"flowclientsuspensionreason":"None","flowclientsuspensiontime":null,"flowclientsuspensionreasondetails":null,"creator":{"id":"f3eb2f57-1e13-43c6-99e8-0d15085d06ed","type":"User","tenantId":"05fbf098-61b5-4766-8f46-f668abdfbd60"},"provisioningMethod":"FromDefinition","failureAlertSubscription":true,"clientLastModifiedTime":"2022-10-09T03:50:23.8163888Z"},"$schema":"https://schema.management.azure.com/providers/Microsoft.Logic/schemas/2016-06-01/workflowdefinition.json#","contentVersion":"1.0.0.0","parameters":{"$connections":{"defaultValue":{},"type":"Object"},"$authentication":{"defaultValue":{},"type":"SecureObject"}},"triggers":{"manual":{"metadata":{"operationMetadataId":"382c583e-cbd5-4a27-b1f5-4f195fa7cb7a"},"type":"Request","kind":"VirtualAgent","inputs":{"schema":{"type":"object","properties":{"text":{"title":"variavelCodTrator2","type":"string","x-ms-dynamically-added":true,"description":"Insira sua entrada","x-ms-content-hint":"TEXT"},"text_1":{"title":"variavelNomeTrator2","type":"string","x-ms-dynamically-added":true,"description":"Insira sua entrada","x-ms-content-hint":"TEXT"},"text_2":{"title":"varEmail2","type":"string","x-ms-dynamically-added":true,"description":"Insira sua entrada","x-ms-content-hint":"TEXT"},"text_3":{"title":"varValorTrator2","type":"string","x-ms-dynamically-added":true,"description":"Insira sua entrada","x-ms-content-hint":"TEXT"},"text_4":{"title":"variavelNomeVendedor2","type":"string","x-ms-dynamically-added":true,"description":"Insira sua entrada","x-ms-content-hint":"TEXT"}},"required":["text","text_1","text_2","text_3","text_4"]}}}},"actions":{"Return_value(s)_to_Power_Virtual_Agents":{"runAfter":{"Enviar_um_email_(V2)":["Succeeded"]},"metadata":{"operationMetadataId":"5dd1fa6f-c15c-4fda-9f72-dcef488cd2d9"},"type":"Response","kind":"VirtualAgent","inputs":{"statusCode":200,"body":{"mensagemfinal":"Pronto, enviei o email."},"schema":{"type":"object","properties":{"mensagemfinal":{"title":"mensagemFinal","x-ms-dynamically-added":true,"type":"string"}}}}},"Enviar_um_email_(V2)":{"runAfter":{},"metadata":{"operationMetadataId":"0d4ca3b4-4120-4ed6-8d1f-422c7e32ad65"},"type":"OpenApiConnection","inputs":{"host":{"apiId":"/providers/Microsoft.PowerApps/apis/shared_office365","connectionName":"shared_office365","operationId":"SendEmailV2"},"parameters":{"emailMessage/To":"@triggerBody()['text_2']","emailMessage/Subject":"Confirmação de registro de venda","emailMessage/Body":"Caro (a) <b>v@{triggerBody()['text_4']}</b>,\n\n<p>\nRecebemos sua informação de venda e estamos validando.\n</p>\n\n<p>\nDados da Venda: \n<br>\nModelo Vendido: <b>@{triggerBody()['text']} - @{triggerBody()['text_1']}</b>\n<br>\nValor da Venda:  <b>@{triggerBody()['text_3']}</b>\n<p>\n\nObrigado e boas vendas.","emailMessage/Importance":"Normal"},"authentication":"@parameters('$authentication')"}}},"outputs":{},"description":"Chame este fluxo do Power Virtual Agents."},"connectionReferences":{"shared_office365":{"connectionName":"shared-office365-8b2c8ebc-260d-4d74-9aae-d343b9f938e5","source":"Embedded","id":"/providers/Microsoft.PowerApps/apis/shared_office365","tier":"NotSpecified"}},"flowFailureAlertSubscribed":false,"isManaged":false}}