{"schemaVersion":"1.0","appDefinitionTemplate":{"id":"/providers/Microsoft.PowerApps/apps/","type":"Microsoft.PowerApps/apps","tags":{"sp-site-id":"https://datamoreconsultoria.sharepoint.com/sites/CaioTrator","sp-list-id":"4480fe19-b782-4d58-9a17-3eca1c0803dd","https://datamoreconsultoria.sharepoint.com/sites/CaioTrator":"4480fe19-b782-4d58-9a17-3eca1c0803dd","primaryDeviceWidth":"640","primaryDeviceHeight":"1136","supportsPortrait":"true","supportsLandscape":"true","primaryFormFactor":"Phone","publisherVersion":"3.22101.14","minimumRequiredApiVersion":"2.2.0","hasComponent":"false","hasUnlockedComponent":"false","isUnifiedRootApp":"false","sienaVersion":"20221008T163511Z-3.22101.14.0"},"properties":{"appVersion":"2022-10-08T16:35:11Z","lifeCycleId":"Published","createdByClientVersion":{"major":3,"minor":22101,"build":14,"revision":0,"majorRevision":0,"minorRevision":0},"minClientVersion":{"major":3,"minor":22101,"build":14,"revision":0,"majorRevision":0,"minorRevision":0},"backgroundColor":"white","backgroundImageUri":"/9954278053586110719/N4557941b-f267-43a1-b5f3-8aaf66b381c0-logoSmallFile","displayName":"CS_AplicativoMobilevenda","description":"App mobile","commitMessage":"","appUris":{"documentUri":{"value":"/9954278053586110719/Nd0f626f7-2942-492a-a322-dec9d738b3ea-document.msapp"},"imageUris":[],"additionalUris":[]},"createdTime":"0001-01-01T00:00:00Z","lastModifiedTime":"0001-01-01T00:00:00Z","sharedGroupsCount":0,"sharedUsersCount":0,"icons":{"smallIconUri":"/9954278053586110719/N8c7e9cc9-850b-4277-a0e0-0ac1fb658302-small.png","mediumIconUri":"/9954278053586110719/N7d45329c-6e3b-4380-b175-6e33d4247f0c-medium.png","largeIconUri":"/9954278053586110719/Ne70098e4-95d6-4f16-9b22-008770236fd8-large.png","wideIconUri":"/9954278053586110719/N85ba60e8-4b2b-4e95-9eb0-9b1ab927b827-wide.png"},"connectionReferences":{"2213e312-d96d-42a2-b237-ba4480260245":{"id":"2af84cfa-31ff-49ff-9533-f0ad5977e5de","displayName":"SharePoint","iconUri":"https://connectoricons-prod.azureedge.net/releases/v1.0.1591/1.0.1591.2961/sharepointonline/icon.png","dataSources":["CS_BancoDeDadoDeVendas"],"dependencies":[],"dependents":[],"parameterHints":{},"parameterHintsV2":{},"isOnPremiseConnection":false,"bypassConsent":false,"dataSets":{"https://datamoreconsultoria.sharepoint.com/sites/CaioTrator":{"dataSources":{"CS_BancoDeDadoDeVendas":{"tableName":"4480fe19-b782-4d58-9a17-3eca1c0803dd"}}}},"apiTier":"Standard","isCustomApiConnection":false,"actions":["providers/PowerPlatform.Governance/Operations/Read","providers/PowerPlatform.Governance/Operations/Write","providers/PowerPlatform.Governance/Operations/Delete"]}},"databaseReferences":{},"almMode":"Environment","performanceOptimizationEnabled":true,"canConsumeAppPass":true,"enableModernRuntimeMode":false,"executionRestrictions":{"isTeamsOnly":false,"dataLossPreventionEvaluationResult":{"status":"Compliant","lastEvaluationDate":"2022-10-08T15:03:53.3185413Z","violations":[],"violationsByPolicy":[],"violationErrorMessage":"O aplicativo usa os seguintes conectores: shared_sharepointonline."}}},"appType":"ClassicCanvasApp","appComponents":[]}}