{"name":"564b5fc6-3636-464d-9992-ea820a39a398","id":"/providers/Microsoft.Flow/flows/564b5fc6-3636-464d-9992-ea820a39a398","type":"Microsoft.Flow/flows","properties":{"apiId":"/providers/Microsoft.PowerApps/apis/shared_logicflows","displayName":"Cópia de - CS_ValidaTrator","definition":{"metadata":{"workflowEntityId":null,"processAdvisorMetadata":null,"flowclientsuspensionreason":"None","flowclientsuspensiontime":null,"flowclientsuspensionreasondetails":null,"creator":{"id":"f3eb2f57-1e13-43c6-99e8-0d15085d06ed","type":"User","tenantId":"05fbf098-61b5-4766-8f46-f668abdfbd60"},"provisioningMethod":"FromDefinition","failureAlertSubscription":true,"clientLastModifiedTime":"2022-10-09T03:50:40.7853654Z"},"$schema":"https://schema.management.azure.com/providers/Microsoft.Logic/schemas/2016-06-01/workflowdefinition.json#","contentVersion":"1.0.0.0","parameters":{"$connections":{"defaultValue":{},"type":"Object"},"$authentication":{"defaultValue":{},"type":"SecureObject"}},"triggers":{"manual":{"metadata":{"operationMetadataId":"787a9064-a513-4fe7-9c24-d082d1d982ff"},"type":"Request","kind":"VirtualAgent","inputs":{"schema":{"type":"object","properties":{"text":{"title":"VariavelParaFiltrarTrator","type":"string","x-ms-dynamically-added":true,"description":"Insira sua entrada","x-ms-content-hint":"TEXT"}},"required":["text"]}}}},"actions":{"Return_value(s)_to_Power_Virtual_Agents":{"runAfter":{"Inicializar_variável_2":["Succeeded"]},"metadata":{"operationMetadataId":"d53c2b57-ad01-4db1-8605-63f3be00618a"},"type":"Response","kind":"VirtualAgent","inputs":{"statusCode":200,"body":{"varnomedotrator":"@variables('VarNomeTratorPesquisado')","varvalordotrator":"@variables('VarValorTratorPesquisado')"},"schema":{"type":"object","properties":{"varnomedotrator":{"title":"VarNomeDoTrator","x-ms-dynamically-added":true,"type":"string"},"varvalordotrator":{"title":"VarValorDoTrator","x-ms-dynamically-added":true,"type":"string"}}}}},"Obter_itens":{"runAfter":{},"metadata":{"operationMetadataId":"467b2055-3c3d-452f-a2eb-5f3e395cceae"},"type":"OpenApiConnection","inputs":{"host":{"apiId":"/providers/Microsoft.PowerApps/apis/shared_sharepointonline","connectionName":"shared_sharepointonline","operationId":"GetItems"},"parameters":{"dataset":"https://datamoreconsultoria.sharepoint.com/sites/CaioTrator","table":"72220436-4084-4aad-b952-1d5c0793c151","$filter":"CodTrator eq '@{triggerBody()['text']}'"},"authentication":"@parameters('$authentication')"}},"Inicializar_variável":{"runAfter":{"Obter_itens":["Succeeded"]},"metadata":{"operationMetadataId":"f0ae3fa9-4304-475f-9099-370b3215b030"},"type":"InitializeVariable","inputs":{"variables":[{"name":"VarNomeTratorPesquisado","type":"string","value":"@{first(outputs('Obter_itens')?['body/value'])?['NomeTrator']}"}]}},"Inicializar_variável_2":{"runAfter":{"Inicializar_variável":["Succeeded"]},"metadata":{"operationMetadataId":"7a642cfb-3464-44a6-9312-b90f63778bbb"},"type":"InitializeVariable","inputs":{"variables":[{"name":"VarValorTratorPesquisado","type":"string","value":"@{first(outputs('Obter_itens')?['body/value'])?['ValorTrator']}"}]}}},"outputs":{},"description":"Chame este fluxo do Power Virtual Agents."},"connectionReferences":{"shared_sharepointonline":{"connectionName":"shared-sharepointonl-68551787-452c-421e-8c00-16d2cb77db3d","source":"Embedded","id":"/providers/Microsoft.PowerApps/apis/shared_sharepointonline","tier":"NotSpecified"}},"flowFailureAlertSubscribed":false,"isManaged":false}}